ticker,price,squeeze_score,score_social,score_squeeze,score_options,score_price,reddit_mentions,reddit_velocity,st_rank,st_bull_pct,short_pct_float,days_to_cover,call_put_ratio,call_vol,chg_1d_%,chg_5d_%,vol_ratio_20,borrow_fee,htb,scanned_at
LFVN,7.87,72.68,46.8,100.0,64.5,82.9,14.0,7.5,,,35.990003,13.89,19.766666666666666,3558,2.6075594168934346,46.55493581523085,1.527271488433891,156.419,True,2026-06-01T00:12:01.924518+00:00
SPCE,6.18,71.78,64.8,67.1,64.9,100.0,1619.0,1.1868131868131868,20.0,90.47619047619048,22.58,2.62,4.302371080358265,239698,36.4238309516564,124.72726648504081,11.674225415356982,6.1147,True,2026-06-01T00:12:01.924518+00:00
JACK,12.45,62.779999999999994,50.9,91.7,32.0,67.3,24.0,8.333333333333334,,,31.569999999999997,7.23,2.4357366771159876,777,7.698956378393862,9.691624588764736,1.3436923161693803,,False,2026-06-01T00:12:01.924518+00:00
IBM,297.8,62.35,73.6,19.3,66.7,97.2,137.0,3.72972972972973,15.0,94.44444444444444,3.17,3.89,4.425748994855389,102372,12.70910090724595,17.721463555338257,3.5057233910090058,,False,2026-06-01T00:12:01.924518+00:00
WEN,7.7,60.48,41.5,82.7,62.5,51.3,12.0,4.333333333333333,,,37.34,4.24,8.787128712871286,5325,2.6666641235351562,1.0498677809387624,0.7095545023494795,37.3518,True,2026-06-01T00:12:01.924518+00:00
ONDS,13.22,58.489999999999995,37.0,67.0,45.6,87.4,20.0,3.0,,,31.05,2.34,2.5172772655576696,154805,-0.22641307902786512,44.00871271839972,1.8257187459012387,,False,2026-06-01T00:12:01.924518+00:00
BYND,0.7885,58.120000000000005,38.7,69.2,67.0,50.0,11.0,4.0,,,26.96,1.39,45.49270664505673,28069,-3.7804900475870373,0.0,0.6225349511348561,12.6964,True,2026-06-01T00:12:01.924518+00:00
HPE,43.04,57.279999999999994,55.7,27.1,68.3,100.0,91.0,2.7058823529411766,29.0,88.23529411764706,5.81,4.37,4.701539569640767,104440,12.640675076638374,26.700027579912124,5.040758929804163,,False,2026-06-01T00:12:01.924518+00:00
HUBC,0.2611,53.279999999999994,37.8,80.2,0.0,100.0,16.0,3.4,,,94.86,0.06,,0,137.27273527748332,105.511810284523,31.50411404459165,59.1442,True,2026-06-01T00:12:01.924518+00:00
TEAM,107.61,51.650000000000006,38.7,36.2,55.4,84.9,11.0,4.0,,,12.49,2.07,3.844329132690882,20744,15.349983443338978,30.94426893494935,1.6614079447522037,,False,2026-06-01T00:12:01.924518+00:00
ADBE,259.21,50.980000000000004,55.1,23.8,44.3,79.4,41.0,6.0,,,5.239999699999999,3.74,2.583829633640137,28634,7.360002002147259,6.190079874539123,2.4470659750180888,,False,2026-06-01T00:12:01.924518+00:00
MSFT,450.24,50.51,55.0,8.9,62.9,78.9,170.0,1.5833333333333333,,100.0,1.04,2.15,4.068850344036697,283843,5.445092515456418,7.4327696124175,2.304302257081832,,False,2026-06-01T00:12:01.924518+00:00
HOOD,94.3,48.65,43.6,15.1,51.4,100.0,80.0,2.3142857142857145,,,4.82,1.17,2.844770316888998,266353,11.150409149230756,24.209701430591913,2.7582470673872854,,False,2026-06-01T00:12:01.924518+00:00
MSTR,159.09,47.46,54.9,35.1,36.6,50.1,40.0,13.666666666666666,,,11.959999999999999,2.12,1.2702298287834175,184210,4.912949735049099,-3.494091326880555,1.2993696493600484,,False,2026-06-01T00:12:01.924518+00:00
FLY,46.49,46.879999999999995,49.5,27.9,36.8,85.6,20.0,7.0,,,9.7799994,1.49,2.2357601713062096,10441,-5.833496689743645,8.469437742468244,2.7941979934424834,,False,2026-06-01T00:12:01.924518+00:00
VG,12.04,46.8,41.5,64.6,37.7,36.0,12.0,4.333333333333333,,,86.1,1.53,2.467882934245534,6493,-3.98724084147537,-11.209442556983618,0.7004209709269233,,False,2026-06-01T00:12:01.924518+00:00
HIVE,4.52,43.879999999999995,48.7,5.4,67.1,71.8,18.0,6.333333333333333,,,,1.81,8.95494699646643,30411,1.5730376328473739,17.402599815333964,0.9599853141971071,,False,2026-06-01T00:12:01.924518+00:00
TIL,8.07,43.13,45.0,51.2,0.0,49.2,11.0,6.0,,,5.75,9.12,,0,-0.3703788300324029,-0.6157659044279784,0.473218173900421,,False,2026-06-01T00:12:01.924518+00:00
UI,583.86,40.95,49.5,44.5,0.0,49.5,20.0,5.25,,,10.24,3.3,,0,-1.8739221577893317,-0.4178697646693985,0.951664729609626,,False,2026-06-01T00:12:01.924518+00:00
META,632.51,40.89,43.5,9.7,52.3,58.0,38.0,3.25,,,1.46,2.07,2.9741457804188434,124123,-0.4375904481211723,4.137443557705045,1.1863572901535784,,False,2026-06-01T00:12:01.924518+00:00
SPXC,216.66,40.879999999999995,33.8,25.3,55.7,62.0,24.0,2.272727272727273,,,4.18,3.09,5.038961038961039,388,1.3282182399256381,5.487124156946144,1.3439637392289694,,False,2026-06-01T00:12:01.924518+00:00
BB,9.0,40.379999999999995,36.5,18.2,36.8,81.1,27.0,1.037037037037037,12.0,,5.84,1.39,1.8410523431077008,47026,2.505697878356994,35.3383439237789,1.4045493847189738,,False,2026-06-01T00:12:01.924518+00:00
VC,118.29,39.62,34.7,48.3,17.8,58.5,25.0,2.3636363636363638,,,12.46,4.12,1.8421052631578947,35,-0.6967778810586855,6.808127237496464,0.9735337145897061,,False,2026-06-01T00:12:01.924518+00:00
AGI,40.8,38.0,57.2,7.3,19.8,55.8,54.0,11.0,,,,2.42,1.1137614678899082,1214,3.2388632704213993,3.9490426421924685,1.0554756948283903,,False,2026-06-01T00:12:01.924518+00:00
IGV,101.66,37.47,38.7,0.0,53.0,75.1,11.0,4.0,,,,,3.120515337423313,127161,6.250003488566147,9.926470557905231,1.8450466339647138,,False,2026-06-01T00:12:01.924518+00:00
AMZN,270.64,36.95,37.9,9.4,48.2,55.6,37.0,2.375,,,1.06,2.28,2.7212884567021542,129849,-1.226272026117703,0.8120477027297346,1.3077905265741296,,False,2026-06-01T00:12:01.924518+00:00
MRVL,205.0,35.75,38.7,14.1,28.3,63.2,11.0,4.0,,,4.31,1.24,0.7371683896390826,44710,0.08299476025270813,7.504325017244051,1.2544929412671078,,False,2026-06-01T00:12:01.924518+00:00
BYD,82.68,35.62,36.9,29.8,18.5,63.3,13.0,3.5,,,5.94,3.19,1.1144200626959249,711,-0.6369412151523202,3.8041415207159757,1.5713907284768212,,False,2026-06-01T00:12:01.924518+00:00
HL,17.77,34.22,41.5,0.0,51.8,58.1,12.0,4.333333333333333,,,0.0,0.0,3.73487423521414,10988,1.0233104241860858,2.716770181678818,1.314814554537006,,False,2026-06-01T00:12:01.924518+00:00
PR,19.23,31.32,49.9,10.5,18.5,42.7,21.0,5.5,,,2.5100000000000002,1.49,1.0425963488843812,1028,-0.46583930646749705,-5.873718771484516,0.7413426417232711,,False,2026-06-01T00:12:01.924518+00:00
SCHD,32.5,30.7,34.6,0.0,35.5,51.0,20.0,2.625,,,,,2.61648177496038,1651,-0.398409634875152,0.7751937984496138,0.8480616380199997,,False,2026-06-01T00:12:01.924518+00:00
SOXS,6.33,29.9,32.8,0.0,61.1,25.0,20.0,2.3333333333333335,,,,,4.159669047741405,80943,0.31695691137683113,-23.642943874138002,0.9415796792451586,,False,2026-06-01T00:12:01.924518+00:00
MAGA,54.488,26.740000000000002,44.3,0.0,0.0,50.6,10.0,5.5,,,,,0.0,0,-0.33837794186363235,0.46648538619633584,0.89171974522293,,False,2026-06-01T00:12:01.924518+00:00
USO,129.09,25.5,33.8,0.0,27.2,38.2,28.0,2.0714285714285716,,,,,0.6653126640691923,24077,-1.2922483997406031,-9.43594610759021,0.9112551933849442,,False,2026-06-01T00:12:01.924518+00:00
SGA,9.48,25.32,41.5,12.7,0.0,42.2,12.0,4.333333333333333,,,0.27,0.68,,0,-1.5576383221392986,-6.2314553495046665,0.48599392507593653,,False,2026-06-01T00:12:01.924518+00:00
