ticker,price,squeeze_score,score_social,score_squeeze,score_options,score_price,reddit_mentions,reddit_velocity,st_rank,st_bull_pct,short_pct_float,days_to_cover,call_put_ratio,call_vol,chg_1d_%,chg_5d_%,vol_ratio_20,scanned_at
CAR,713.97,77.18,74.6,99.1,26.7,100.0,772.0,2.300595238095238,1.0,57.14285714285714,92.95,9.71,0.43919460016016476,19195,17.274964687732684,73.47895202120007,3.1883759871170705,2026-04-22T01:27:02.940913+00:00
GRPN,16.66,73.9,52.4,89.0,69.6,100.0,29.0,7.5,,,49.96,7.66,10.632732586458841,21829,11.438127491394434,32.32724102856841,5.406502464274215,2026-04-22T01:27:02.940913+00:00
NVTS,15.33,65.3,63.1,66.0,42.0,100.0,23.0,8.0,6.0,,25.069999999999997,2.0,2.229828934339468,65305,16.136364736504483,55.319149964080204,4.1690301553172935,2026-04-22T01:27:02.940913+00:00
LCID,7.11,60.7,48.2,82.9,56.4,51.0,17.0,18.0,,,42.02,7.62,3.6644171425275425,63530,5.333335311324516,-19.20454568853063,3.6060540495065028,2026-04-22T01:27:02.940913+00:00
POET,10.25,59.779999999999994,63.9,24.5,70.6,100.0,120.0,1.1308411214953271,2.0,100.0,8.63,1.25,4.945720128542215,84646,19.324794155120074,52.757078118149025,4.588249727393548,2026-04-22T01:27:02.940913+00:00
AMPX,21.43,52.1,48.2,38.0,44.1,99.7,17.0,6.0,,,13.74,1.69,2.5269764216366157,36439,9.28097724720871,19.78759662549607,2.702222470883823,2026-04-22T01:27:02.940913+00:00
UNH,346.01,50.379999999999995,70.4,10.8,41.9,87.7,322.0,3.4731182795698925,,92.3076923076923,1.95,2.04,1.6751350477861398,145127,6.9648812953234,10.12763203060636,3.2025598065229612,2026-04-22T01:27:02.940913+00:00
IQ,1.32,48.1,41.6,58.1,45.1,47.5,31.0,3.2,,,16.49,6.17,3.782828282828283,749,-5.7142803620318094,-6.382972787224006,1.3659514900470728,2026-04-22T01:27:02.940913+00:00
AMD,284.49,46.82,75.3,8.8,37.0,65.3,200.0,2.6447368421052633,4.0,94.11764705882352,2.2399999999999998,1.13,1.4640929777124991,263159,3.4697136220384506,11.534081650282225,1.0606129586447166,2026-04-22T01:27:02.940913+00:00
DJT,9.82,42.5,39.0,30.2,62.6,48.4,26.0,3.0,,,8.129999999999999,3.57,5.893591293833132,4874,-3.7254913877130313,-1.3065338385219394,0.8620638006409397,2026-04-22T01:27:02.940913+00:00
FF,4.23,39.7,50.2,14.7,49.2,52.4,22.0,7.666666666666667,,,2.39,1.0,4.695652173913044,108,-0.7042302393543309,1.92770896066623,0.5293568524611795,2026-04-22T01:27:02.940913+00:00
WH,87.99,39.7,44.5,46.7,12.5,50.9,20.0,4.2,,,11.129999999999999,5.65,0.9516129032258065,118,-2.1354751642046588,0.6981009722195841,0.8440464964693102,2026-04-22T01:27:02.940913+00:00
ADBE,247.18,39.6,52.4,14.0,43.2,56.1,30.0,3.4444444444444446,12.0,,3.37,1.97,2.663808397397989,18018,-0.5832008118709098,4.8616966722090815,1.004587857689201,2026-04-22T01:27:02.940913+00:00
SOXL,98.09,39.3,67.0,0.0,27.5,68.7,36.0,12.333333333333334,5.0,,,,0.5524805683750303,36393,2.240977529469479,14.980657771698036,0.6734558965184783,2026-04-22T01:27:02.940913+00:00
JD,30.52,38.7,58.5,11.1,39.1,47.1,177.0,2.0941176470588236,,100.0,2.1399999999999997,1.99,2.612794612794613,6208,-2.7095962981507515,-2.3359985351562473,0.6342472013616262,2026-04-22T01:27:02.940913+00:00
DOW,38.31,37.6,55.8,12.7,35.6,47.3,52.0,4.818181818181818,,,3.56,1.4,2.175618286285286,8709,4.188199337381793,-2.170578338695439,0.7818083680297373,2026-04-22T01:27:02.940913+00:00
MTG,27.98,36.7,50.9,28.4,12.2,53.2,24.0,25.0,,,5.9899997,4.66,0.8467741935483871,105,0.0,2.565978145057346,0.9977884169322244,2026-04-22T01:27:02.940913+00:00
IR,84.81,35.8,47.8,29.4,17.5,45.0,16.0,5.666666666666667,,,5.58,5.33,1.236842105263158,329,-1.3951918937707308,-3.9741872150800828,0.6019174867069649,2026-04-22T01:27:02.940913+00:00
JPM,313.0,35.2,48.4,9.4,39.2,50.8,26.0,4.5,,,0.98,2.36,2.22698785742264,22742,-1.2587117439969986,0.6042700283870772,0.4913760565043844,2026-04-22T01:27:02.940913+00:00
VOO,647.25,35.1,66.8,0.0,19.6,51.7,159.0,3.5555555555555554,,100.0,,,0.8112359550561797,1805,-0.6584366534702069,1.3942233499567802,0.8399249753286541,2026-04-22T01:27:02.940913+00:00
GLP,46.02,34.8,52.9,23.7,8.5,50.1,31.0,10.666666666666666,,,1.1199999999999999,5.01,0.08098591549295775,23,1.187337117331877,0.0869963373762106,0.28821745216985534,2026-04-22T01:27:02.940913+00:00
LNG,257.78,34.8,46.1,8.1,44.2,49.1,21.0,4.4,,,2.12,1.02,3.3113636363636365,2914,2.151770376242368,-0.7316674176191085,0.5816773747902285,2026-04-22T01:27:02.940913+00:00
SGOV,100.59,34.4,42.9,0.0,59.5,50.1,30.0,3.4444444444444446,,,,,16.05504587155963,1750,0.019883308269941224,0.07958829963183867,0.6039381053428293,2026-04-22T01:27:02.940913+00:00
DC,5.8,33.32,38.5,23.1,22.2,52.0,51.0,2.08,,,5.510000000000001,3.29,1.7708333333333333,255,-5.537454122866958,1.5761847983646993,0.8307084318830786,2026-04-22T01:27:02.940913+00:00
VTI,347.84,33.0,61.8,0.0,17.3,52.8,75.0,4.75,24.0,,,,0.5553047404063205,738,-0.6767354373130474,1.514665849658292,1.0631946646281876,2026-04-22T01:27:02.940913+00:00
VT,148.76,32.7,58.7,0.0,22.8,50.6,65.0,11.0,,,,,1.5546038543897216,726,-1.1430098814046885,0.4524263525651051,0.5977299330394469,2026-04-22T01:27:02.940913+00:00
ISRG,451.29,32.4,38.7,17.2,27.6,54.5,11.0,2.4,11.0,,1.91,4.19,1.1151832460732984,12354,-3.073453043600749,-3.409527125157541,1.5874119841647047,2026-04-22T01:27:02.940913+00:00
USO,128.25,32.0,48.6,0.0,34.3,54.4,112.0,2.6904761904761907,,,,,1.368991888760139,88608,5.712166438021704,3.5526859750412587,0.5925838192607716,2026-04-22T01:27:02.940913+00:00
IBKR,79.62,31.1,39.7,12.6,25.4,55.9,46.0,1.119047619047619,15.0,,2.6700001,2.06,1.2294213528932356,6034,-2.0061504657451934,3.2684880964125806,1.1181347599554585,2026-04-22T01:27:02.940913+00:00
SMH,464.66,30.4,49.9,0.0,24.7,53.5,21.0,5.5,,,,,0.2809371295992737,11140,0.15087770926882627,2.800885765953409,0.6284497326091273,2026-04-22T01:27:02.940913+00:00
VGT,101.02,29.4,49.5,0.0,23.1,50.0,20.0,7.0,,,,,1.2185273159144894,2052,-87.51498572127512,-86.88120103817789,6.302735482386583,2026-04-22T01:27:02.940913+00:00
SPXL,232.68,29.1,47.7,0.0,20.6,55.0,22.0,4.6,,,,,0.7975380628441853,2462,-1.9593010236369501,4.028253489782019,0.7522967743018729,2026-04-22T01:27:02.940913+00:00
TQQQ,57.4,28.2,38.5,0.0,29.1,59.3,33.0,2.6153846153846154,,,,,0.858125,64531,-1.170799386600907,7.470514304186282,0.9145952412567838,2026-04-22T01:27:02.940913+00:00
VXUS,81.88,27.0,47.6,0.0,14.8,49.2,35.0,4.0,,,,,0.3074468085106383,289,-1.9166339712212488,-1.1230531730395787,1.037224687150393,2026-04-22T01:27:02.940913+00:00
BABY,,24.4,48.2,0.0,0.0,50.0,17.0,6.0,,,,,,0,,,,2026-04-22T01:27:02.940913+00:00
